serviceName,startTime,avg_time,num,succee_num,succee_rate
osb_001,1588521600000,0.5691,347,347,1.0
osb_001,1588521660000,0.5813,354,354,1.0
osb_001,1588521720000,0.5397,363,363,1.0
osb_001,1588521780000,0.619,387,387,1.0
osb_001,1588521840000,0.4909,387,387,1.0
osb_001,1588521900000,0.5567,378,378,1.0
osb_001,1588521960000,0.5482,404,404,1.0
osb_001,1588522020000,0.6146,393,393,1.0
osb_001,1588522080000,0.5386,391,391,1.0
osb_001,1588522140000,0.6053,379,379,1.0
osb_001,1588522200000,0.546,364,364,1.0
osb_001,1588522260000,0.5433,389,389,1.0
osb_001,1588522320000,0.6056,359,359,1.0
osb_001,1588522380000,0.5537,403,403,1.0
osb_001,1588522440000,0.6022,398,398,1.0
osb_001,1588522500000,0.6664,413,413,1.0
osb_001,1588522560000,0.6215,413,413,1.0
osb_001,1588522620000,0.5304,422,422,1.0
osb_001,1588522680000,0.4987,424,424,1.0
osb_001,1588522740000,0.6067,439,439,1.0
osb_001,1588522800000,0.4991,429,429,1.0
osb_001,1588522860000,0.5323,442,442,1.0
osb_001,1588522920000,0.6325,403,403,1.0
osb_001,1588522980000,0.6482,435,435,1.0
osb_001,1588523040000,0.5471,414,414,1.0
osb_001,1588523100000,0.6115,438,438,1.0
osb_001,1588523160000,0.5553,464,464,1.0
osb_001,1588523220000,0.5918,424,424,1.0
osb_001,1588523280000,0.6235,461,461,1.0
osb_001,1588523340000,0.6188,446,446,1.0
osb_001,1588523400000,0.6031,430,430,1.0
osb_001,1588523460000,0.6113,449,449,1.0
osb_001,1588523520000,0.6099,438,438,1.0
osb_001,1588523580000,0.5466,498,498,1.0
osb_001,1588523640000,0.5920000000000001,475,475,1.0
osb_001,1588523700000,0.5354,453,453,1.0
osb_001,1588523760000,0.5991,461,461,1.0
osb_001,1588523820000,0.6377,484,484,1.0
osb_001,1588523880000,0.6316,478,478,1.0
osb_001,1588523940000,0.623,428,428,1.0
osb_001,1588524000000,0.6653,473,473,1.0
osb_001,1588524060000,0.63,492,492,1.0
osb_001,1588524120000,0.6118,493,493,1.0
osb_001,1588524180000,0.602,516,516,1.0
osb_001,1588524240000,0.5919,518,518,1.0
osb_001,1588524300000,0.6264,478,478,1.0
osb_001,1588524360000,0.601,505,505,1.0
osb_001,1588524420000,0.6474,470,470,1.0
osb_001,1588524480000,0.6002,493,493,1.0
osb_001,1588524540000,0.608,532,532,1.0
osb_001,1588524600000,0.5848,531,531,1.0
osb_001,1588524660000,0.5941,522,522,1.0
osb_001,1588524720000,0.5698,497,497,1.0
osb_001,1588524780000,0.6277,506,506,1.0
osb_001,1588524840000,0.6043,509,509,1.0
osb_001,1588524900000,0.5958,537,537,1.0
osb_001,1588524960000,0.6124,516,516,1.0
osb_001,1588525020000,0.6156,526,526,1.0
osb_001,1588525080000,0.6436,515,515,1.0
osb_001,1588525140000,0.5832,537,537,1.0
osb_001,1588525200000,0.5689,542,542,1.0
osb_001,1588525260000,0.5991,572,572,1.0
osb_001,1588525320000,0.6099,515,515,1.0
osb_001,1588525380000,0.6314,503,503,1.0
osb_001,1588525440000,0.6204,517,517,1.0
osb_001,1588525500000,0.6247,523,523,1.0
osb_001,1588525560000,0.5851,508,508,1.0
osb_001,1588525620000,0.5631,558,558,1.0
osb_001,1588525680000,0.5483,524,524,1.0
osb_001,1588525740000,0.612,510,510,1.0
osb_001,1588525800000,0.5811,526,526,1.0
osb_001,1588525860000,0.5832,533,533,1.0
osb_001,1588525920000,0.5441,511,511,1.0
osb_001,1588525980000,0.5638,470,470,1.0
osb_001,1588526040000,0.5334,518,518,1.0
osb_001,1588526100000,0.6298,524,524,1.0
osb_001,1588526160000,0.6107,533,533,1.0
osb_001,1588526220000,0.6272,516,516,1.0
osb_001,1588526280000,0.6001,550,550,1.0
osb_001,1588526340000,0.5803,516,516,1.0
osb_001,1588526400000,0.6212,550,550,1.0
osb_001,1588526460000,0.574,578,578,1.0
osb_001,1588526520000,0.6914,538,538,1.0
osb_001,1588526580000,0.5729,556,556,1.0
osb_001,1588526640000,0.6458,539,539,1.0
osb_001,1588526700000,0.6576,579,579,1.0
osb_001,1588526760000,0.6334,526,526,1.0
osb_001,1588526820000,0.608,581,581,1.0
osb_001,1588526880000,0.6122,552,552,1.0
osb_001,1588526940000,0.5836,552,552,1.0
osb_001,1588527000000,0.5883,553,553,1.0
osb_001,1588527060000,0.5824,580,580,1.0
osb_001,1588527120000,0.6238,524,524,1.0
osb_001,1588527180000,0.6178,547,547,1.0
osb_001,1588527240000,0.6009,532,532,1.0
osb_001,1588527300000,0.5813,582,582,1.0
osb_001,1588527360000,0.6397,558,558,1.0
osb_001,1588527420000,0.6491,562,562,1.0
osb_001,1588527480000,0.6617,582,582,1.0
osb_001,1588527540000,0.5981,541,541,1.0
osb_001,1588527600000,0.6323,534,534,1.0
osb_001,1588527660000,0.6592,548,548,1.0
osb_001,1588527720000,0.6744,441,441,1.0
osb_001,1588527780000,0.6105,492,492,1.0
osb_001,1588527840000,0.6372,520,520,1.0
osb_001,1588527900000,0.5955,552,552,1.0
osb_001,1588527960000,0.6176,540,540,1.0
osb_001,1588528020000,0.6168,521,521,1.0
osb_001,1588528080000,0.6167,551,551,1.0
osb_001,1588528140000,0.5983,534,534,1.0
osb_001,1588528200000,0.6208,527,527,1.0
osb_001,1588528260000,0.6283,505,505,1.0
osb_001,1588528320000,0.6424,535,535,1.0
osb_001,1588528380000,0.617,525,525,1.0
osb_001,1588528440000,0.6138,554,554,1.0
osb_001,1588528500000,0.5425,497,497,1.0
osb_001,1588528560000,0.603,572,572,1.0
osb_001,1588528620000,0.6042,485,485,1.0
osb_001,1588528680000,0.6324,549,549,1.0
osb_001,1588528740000,0.5908,493,493,1.0
osb_001,1588528800000,0.6324,555,555,1.0
osb_001,1588528860000,0.5949,569,569,1.0
osb_001,1588528920000,0.6186,502,502,1.0
osb_001,1588528980000,0.5732,496,496,1.0
osb_001,1588529040000,0.5725,487,487,1.0
osb_001,1588529100000,0.5868,528,528,1.0
osb_001,1588529160000,0.5877,553,553,1.0
osb_001,1588529220000,0.634,510,510,1.0
osb_001,1588529280000,0.603,518,518,1.0
osb_001,1588529340000,0.6269,499,499,1.0
osb_001,1588529400000,0.6549,495,495,1.0
osb_001,1588529460000,0.648,541,541,1.0
osb_001,1588529520000,0.5948,487,487,1.0
osb_001,1588529580000,0.5704,499,499,1.0
osb_001,1588529640000,0.5787,481,481,1.0
osb_001,1588529700000,0.5760000000000001,490,490,1.0
osb_001,1588529760000,0.5903,495,495,1.0
osb_001,1588529820000,0.569,485,485,1.0
osb_001,1588529880000,0.6614,470,470,1.0
osb_001,1588529940000,0.5731,469,469,1.0
osb_001,1588530000000,0.5792,523,523,1.0
osb_001,1588530060000,0.5721,518,518,1.0
osb_001,1588530120000,0.6424,507,507,1.0
osb_001,1588530180000,0.6039,512,512,1.0
osb_001,1588530240000,0.5891,481,481,1.0
osb_001,1588530300000,0.7061,538,538,1.0
osb_001,1588530360000,0.6405,513,513,1.0
osb_001,1588530420000,0.626,517,517,1.0
osb_001,1588530480000,0.6501,508,508,1.0
osb_001,1588530540000,0.6399,471,471,1.0
osb_001,1588530600000,0.6038,535,535,1.0
osb_001,1588530660000,0.6205,462,462,1.0
osb_001,1588530720000,0.5595,497,497,1.0
osb_001,1588530780000,0.5762,444,444,1.0
osb_001,1588530840000,0.6327,449,449,1.0
osb_001,1588530900000,0.5591,453,453,1.0
osb_001,1588530960000,0.5108,479,479,1.0
osb_001,1588531020000,0.6675,470,470,1.0
osb_001,1588531080000,0.5538,449,449,1.0
osb_001,1588531140000,0.6112,469,469,1.0
osb_001,1588531200000,0.5876,425,425,1.0
osb_001,1588531260000,0.5377,444,444,1.0
osb_001,1588531320000,0.6547,478,478,1.0
osb_001,1588531380000,0.5684,465,465,1.0
osb_001,1588531440000,0.5586,442,442,1.0
osb_001,1588531500000,0.637,483,483,1.0
osb_001,1588531560000,0.5557,441,441,1.0
osb_001,1588531620000,0.5425,425,425,1.0
osb_001,1588531680000,0.5115,420,420,1.0
osb_001,1588531740000,0.5901,441,441,1.0
osb_001,1588531800000,0.6103,459,459,1.0
osb_001,1588531860000,0.5906,462,462,1.0
osb_001,1588531920000,0.6114,433,433,1.0
osb_001,1588531980000,0.5487,443,443,1.0
osb_001,1588532040000,0.562,394,394,1.0
osb_001,1588532100000,0.6173,424,424,1.0
osb_001,1588532160000,0.6085,415,415,1.0
osb_001,1588532220000,0.5824,411,411,1.0
osb_001,1588532280000,0.5363,433,433,1.0
osb_001,1588532340000,0.598,392,392,1.0
osb_001,1588532400000,0.4918,388,388,1.0
osb_001,1588532460000,0.6111,437,437,1.0
osb_001,1588532520000,0.5957,427,427,1.0
osb_001,1588532580000,0.6003,420,420,1.0
osb_001,1588532640000,0.5835,440,440,1.0
osb_001,1588532700000,0.6084,444,444,1.0
osb_001,1588532760000,0.551,472,472,1.0
osb_001,1588532820000,0.5559,384,384,1.0
osb_001,1588532880000,0.5707,484,484,1.0
osb_001,1588532940000,0.6411,427,427,1.0
osb_001,1588533000000,0.5462,414,414,1.0
osb_001,1588533060000,0.5615,389,389,1.0
osb_001,1588533120000,0.5173,422,422,1.0
osb_001,1588533180000,0.5843,428,428,1.0
osb_001,1588533240000,0.5954,414,414,1.0
osb_001,1588533300000,0.5956,427,427,1.0
osb_001,1588533360000,0.5893,436,436,1.0
osb_001,1588533420000,0.5851,423,423,1.0
osb_001,1588533480000,0.5435,464,464,1.0
osb_001,1588533540000,0.5828,446,446,1.0
osb_001,1588533600000,0.5932,431,431,1.0
osb_001,1588533660000,0.5081,411,411,1.0
osb_001,1588533720000,0.6071,434,434,1.0
osb_001,1588533780000,0.6494,407,407,1.0
osb_001,1588533840000,0.6201,395,395,1.0
osb_001,1588533900000,0.5941,436,436,1.0
osb_001,1588533960000,0.6118,432,432,1.0
osb_001,1588534020000,0.4965,410,410,1.0
osb_001,1588534080000,0.5795,434,434,1.0
osb_001,1588534140000,0.5745,415,415,1.0
osb_001,1588534200000,0.5762,439,439,1.0
osb_001,1588534260000,0.6035,407,407,1.0
osb_001,1588534320000,0.5768,424,424,1.0
osb_001,1588534380000,0.5642,442,442,1.0
osb_001,1588534440000,0.6168,417,417,1.0
osb_001,1588534500000,0.643,460,460,1.0
osb_001,1588534560000,0.5479999999999999,446,446,1.0
osb_001,1588534620000,0.5068,436,436,1.0
osb_001,1588534680000,0.5927,447,447,1.0
osb_001,1588534740000,0.5817,454,454,1.0
osb_001,1588534800000,0.5833,464,464,1.0
osb_001,1588534860000,0.6805,480,480,1.0
osb_001,1588534920000,0.6708,495,495,1.0
osb_001,1588534980000,0.6116,472,472,1.0
osb_001,1588535040000,0.615,469,469,1.0
osb_001,1588535100000,0.6164,438,438,1.0
osb_001,1588535160000,0.6363,462,462,1.0
osb_001,1588535220000,0.5913,429,429,1.0
osb_001,1588535280000,0.5764,441,441,1.0
osb_001,1588535340000,0.5267,453,453,1.0
osb_001,1588535400000,0.5681,453,453,1.0
osb_001,1588535460000,0.6034,497,497,1.0
osb_001,1588535520000,0.6674,467,467,1.0
osb_001,1588535580000,0.5614,451,451,1.0
osb_001,1588535640000,0.6288,466,466,1.0
osb_001,1588535700000,0.5785,435,435,1.0
osb_001,1588535760000,0.6084,449,449,1.0
osb_001,1588535820000,0.5791,480,480,1.0
osb_001,1588535880000,0.5842,449,449,1.0
osb_001,1588535940000,0.5853,496,496,1.0
osb_001,1588536000000,0.5935,493,493,1.0
osb_001,1588536060000,0.6143,461,461,1.0
osb_001,1588536120000,0.6294,512,512,1.0
osb_001,1588536180000,0.5796,481,481,1.0
osb_001,1588536240000,0.6559999999999999,492,492,1.0
osb_001,1588536300000,0.5311,475,475,1.0
osb_001,1588536360000,0.5334,522,522,1.0
osb_001,1588536420000,0.605,463,463,1.0
osb_001,1588536480000,0.5724,450,450,1.0
osb_001,1588536540000,0.698,488,488,1.0
osb_001,1588536600000,0.5876,509,509,1.0
osb_001,1588536660000,0.5999,506,506,1.0
osb_001,1588536720000,0.6275,524,524,1.0
osb_001,1588536780000,0.6437,501,501,1.0
osb_001,1588536840000,0.6374,509,509,1.0
osb_001,1588536900000,0.6288,523,523,1.0
osb_001,1588536960000,0.5971,524,524,1.0
osb_001,1588537020000,0.5667,449,449,1.0
osb_001,1588537080000,0.5788,545,545,1.0
osb_001,1588537140000,0.5944,514,514,1.0
osb_001,1588537200000,0.6157,556,556,1.0
osb_001,1588537260000,0.6665,497,497,1.0
osb_001,1588537320000,0.6079,438,438,1.0
osb_001,1588537380000,0.606,517,517,1.0
osb_001,1588537440000,0.6666,546,546,1.0
osb_001,1588537500000,0.6041,541,541,1.0
osb_001,1588537560000,0.6161,555,555,1.0
osb_001,1588537620000,0.5797,519,519,1.0
osb_001,1588537680000,0.6731,541,541,1.0
osb_001,1588537740000,0.5842,526,526,1.0
osb_001,1588537800000,0.5993,540,540,1.0
osb_001,1588537860000,0.5789,559,559,1.0
osb_001,1588537920000,0.6289,527,527,1.0
osb_001,1588537980000,0.5847,578,578,1.0
osb_001,1588538040000,0.5958,568,568,1.0
osb_001,1588538100000,0.6074,595,595,1.0
osb_001,1588538160000,0.6241,568,568,1.0
osb_001,1588538220000,0.6325,604,604,1.0
osb_001,1588538280000,0.6392,602,602,1.0
osb_001,1588538340000,0.6509999999999999,610,610,1.0
osb_001,1588538400000,0.6604,561,561,1.0
osb_001,1588538460000,0.5949,566,566,1.0
osb_001,1588538520000,0.6962,561,561,1.0
osb_001,1588538580000,0.6255,576,576,1.0
osb_001,1588538640000,0.6458,594,594,1.0
osb_001,1588538700000,0.6617,561,561,1.0
osb_001,1588538760000,0.5901,602,602,1.0
osb_001,1588538820000,0.6448,619,619,1.0
osb_001,1588538880000,0.6325,547,547,1.0
osb_001,1588538940000,0.6773,622,622,1.0
osb_001,1588539000000,0.5926,579,579,1.0
osb_001,1588539060000,0.647,590,590,1.0
osb_001,1588539120000,0.6119,598,598,1.0
osb_001,1588539180000,0.6694,617,617,1.0
osb_001,1588539240000,0.6006,578,578,1.0
osb_001,1588539300000,0.677,606,606,1.0
osb_001,1588539360000,0.6082,632,632,1.0
osb_001,1588539420000,0.611,575,575,1.0
osb_001,1588539480000,0.6181,612,612,1.0
osb_001,1588539540000,0.6142,579,579,1.0
osb_001,1588539600000,0.6033,571,571,1.0
osb_001,1588539660000,0.5698,609,609,1.0
osb_001,1588539720000,0.5974,586,586,1.0
osb_001,1588539780000,0.6204,612,612,1.0
osb_001,1588539840000,0.5911,534,534,1.0
osb_001,1588539900000,0.5833,574,574,1.0
osb_001,1588539960000,0.6277,618,618,1.0
osb_001,1588540020000,0.6562,589,589,1.0
osb_001,1588540080000,0.625,558,558,1.0
osb_001,1588540140000,0.6314,597,597,1.0
osb_001,1588540200000,0.6277,614,614,1.0
osb_001,1588540260000,0.6103,588,588,1.0
osb_001,1588540320000,0.5928,488,488,1.0
osb_001,1588540380000,0.6755,600,600,1.0
osb_001,1588540440000,0.6344,583,583,1.0
osb_001,1588540500000,0.6579,673,673,1.0
osb_001,1588540560000,0.6619,581,581,1.0
osb_001,1588540620000,0.59,592,592,1.0
osb_001,1588540680000,0.6754,633,633,1.0
osb_001,1588540740000,0.5863,638,638,1.0
osb_001,1588540800000,0.6661,591,591,1.0
osb_001,1588540860000,0.6439,585,585,1.0
osb_001,1588540920000,0.5977,577,577,1.0
osb_001,1588540980000,0.6647,604,604,1.0
osb_001,1588541040000,0.6113,622,622,1.0
osb_001,1588541100000,0.6388,650,650,1.0
osb_001,1588541160000,0.6551,613,613,1.0
osb_001,1588541220000,0.67,629,629,1.0
osb_001,1588541280000,0.6625,674,674,1.0
osb_001,1588541340000,0.5871,621,621,1.0
osb_001,1588541400000,0.6002,619,619,1.0
osb_001,1588541460000,0.6203,589,589,1.0
osb_001,1588541520000,0.6504,543,543,1.0
osb_001,1588541580000,0.6013,614,614,1.0
osb_001,1588541640000,0.6235,611,611,1.0
osb_001,1588541700000,0.5934,642,642,1.0
osb_001,1588541760000,0.5983,651,651,1.0
osb_001,1588541820000,0.6407,635,635,1.0
osb_001,1588541880000,0.6188,596,596,1.0
osb_001,1588541940000,0.6608,662,662,1.0
osb_001,1588542000000,0.6095,647,647,1.0
osb_001,1588542060000,0.691,621,621,1.0
osb_001,1588542120000,0.6591,592,592,1.0
osb_001,1588542180000,0.59,622,622,1.0
osb_001,1588542240000,0.6512,625,625,1.0
osb_001,1588542300000,0.657,629,629,1.0
osb_001,1588542360000,0.6032,610,610,1.0
osb_001,1588542420000,0.585,586,586,1.0
osb_001,1588542480000,0.596,651,651,1.0
osb_001,1588542540000,0.5989,640,640,1.0
osb_001,1588542600000,0.5875,620,620,1.0
osb_001,1588542660000,0.6642,630,630,1.0
osb_001,1588542720000,0.6357,626,626,1.0
osb_001,1588542780000,0.6363,643,643,1.0
osb_001,1588542840000,0.6032,633,633,1.0
osb_001,1588542900000,0.6386,649,649,1.0
osb_001,1588542960000,0.6222,594,594,1.0
osb_001,1588543020000,0.6333,613,613,1.0
osb_001,1588543080000,0.6669,653,653,1.0
osb_001,1588543140000,0.6237,648,648,1.0
osb_001,1588543200000,0.9237,635,635,1.0
osb_001,1588543260000,0.5847,303,303,1.0
osb_001,1588543320000,0.5694,331,331,1.0
osb_001,1588543380000,0.5831,382,382,1.0
osb_001,1588543440000,0.605,370,370,1.0
osb_001,1588543500000,0.5232,359,359,1.0
osb_001,1588543560000,0.5899,322,322,1.0
osb_001,1588543620000,0.5429,405,405,1.0
osb_001,1588543680000,0.5566,355,355,1.0
osb_001,1588543740000,0.5351,359,359,1.0
osb_001,1588543800000,0.5868,388,388,1.0
osb_001,1588543860000,0.6216,385,385,1.0
osb_001,1588543920000,0.5677,421,421,1.0
osb_001,1588543980000,0.5660000000000001,436,436,1.0
osb_001,1588544040000,0.5649,400,400,1.0
osb_001,1588544100000,0.6041,391,391,1.0
osb_001,1588544160000,0.527,419,419,1.0
osb_001,1588544220000,0.61,421,421,1.0
osb_001,1588544280000,0.6146,397,397,1.0
osb_001,1588544340000,0.6034,415,415,1.0
osb_001,1588544400000,0.6417,443,443,1.0
osb_001,1588544460000,0.5589,437,437,1.0
osb_001,1588544520000,0.5134,335,335,1.0
osb_001,1588544580000,0.5755,451,451,1.0
osb_001,1588544640000,0.5986,447,447,1.0
osb_001,1588544700000,0.6066,483,483,1.0
osb_001,1588544760000,0.5923,471,471,1.0
osb_001,1588544820000,0.5819,501,501,1.0
osb_001,1588544880000,0.5211,439,439,1.0
osb_001,1588544940000,0.6525,446,446,1.0
osb_001,1588545000000,0.5774,447,447,1.0
osb_001,1588545060000,0.6507,466,466,1.0
osb_001,1588545120000,0.6116,404,404,1.0
osb_001,1588545180000,0.5358,457,457,1.0
osb_001,1588545240000,0.5656,461,461,1.0
osb_001,1588545300000,0.5949,432,432,1.0
osb_001,1588545360000,0.6448,516,516,1.0
osb_001,1588545420000,0.61,475,475,1.0
osb_001,1588545480000,0.6038,519,519,1.0
osb_001,1588545540000,0.6783,477,477,1.0
osb_001,1588545600000,0.6438,477,477,1.0
osb_001,1588545660000,0.6283,494,494,1.0
osb_001,1588545720000,0.6139,474,474,1.0
osb_001,1588545780000,0.5816,476,476,1.0
osb_001,1588545840000,0.6079,487,487,1.0
osb_001,1588545900000,0.6256,492,492,1.0
osb_001,1588545960000,0.6439,490,490,1.0
osb_001,1588546020000,0.5489999999999999,474,474,1.0
osb_001,1588546080000,0.6108,557,557,1.0
osb_001,1588546140000,0.5849,539,539,1.0
osb_001,1588546200000,0.5883,548,548,1.0
osb_001,1588546260000,0.6425,493,493,1.0
osb_001,1588546320000,0.597,429,429,1.0
osb_001,1588546380000,0.6026,520,520,1.0
osb_001,1588546440000,0.6114,535,535,1.0
osb_001,1588546500000,0.5271,507,507,1.0
osb_001,1588546560000,0.6186,518,518,1.0
osb_001,1588546620000,0.6593,506,506,1.0
osb_001,1588546680000,0.5722,538,538,1.0
osb_001,1588546740000,0.6514,518,518,1.0
osb_001,1588546800000,0.5845,530,530,1.0
osb_001,1588546860000,0.5849,541,541,1.0
osb_001,1588546920000,0.6168,496,496,1.0
osb_001,1588546980000,0.705,508,508,1.0
osb_001,1588547040000,0.6016,496,496,1.0
osb_001,1588547100000,0.6018,532,532,1.0
osb_001,1588547160000,0.6203,517,517,1.0
osb_001,1588547220000,0.595,477,477,1.0
osb_001,1588547280000,0.6245,521,521,1.0
osb_001,1588547340000,0.6226,496,496,1.0
osb_001,1588547400000,0.5816,574,574,1.0
osb_001,1588547460000,0.6111,565,565,1.0
osb_001,1588547520000,0.6382,409,409,1.0
osb_001,1588547580000,0.6354,557,557,1.0
osb_001,1588547640000,0.664,547,547,1.0
osb_001,1588547700000,0.69,541,541,1.0
osb_001,1588547760000,0.6597,550,550,1.0
osb_001,1588547820000,0.5941,603,603,1.0
osb_001,1588547880000,0.5902,559,559,1.0
osb_001,1588547940000,0.5674,521,521,1.0
osb_001,1588548000000,0.6383,542,542,1.0
osb_001,1588548060000,0.5924,569,569,1.0
osb_001,1588548120000,0.5859,439,439,1.0
osb_001,1588548180000,0.6459999999999999,507,507,1.0
osb_001,1588548240000,0.5855,505,505,1.0
osb_001,1588548300000,0.7151,506,506,1.0
osb_001,1588548360000,0.5715,579,579,1.0
osb_001,1588548420000,0.6043,407,407,1.0
osb_001,1588548480000,0.6908,555,555,1.0
osb_001,1588548540000,0.6587,499,499,1.0
osb_001,1588548600000,0.6399,575,575,1.0
osb_001,1588548660000,0.6603,535,535,1.0
osb_001,1588548720000,0.6133,461,461,1.0
osb_001,1588548780000,0.599,534,534,1.0
osb_001,1588548840000,0.5788,501,501,1.0
osb_001,1588548900000,0.6185,534,534,1.0
osb_001,1588548960000,0.6152,521,521,1.0
osb_001,1588549020000,0.6055,562,562,1.0
osb_001,1588549080000,0.5534,553,553,1.0
osb_001,1588549140000,0.6549,514,514,1.0
osb_001,1588549200000,0.6068,535,535,1.0
osb_001,1588549260000,0.5678,562,562,1.0
osb_001,1588549320000,0.6502,501,501,1.0
osb_001,1588549380000,0.5842,574,574,1.0
osb_001,1588549440000,0.6079,541,541,1.0
osb_001,1588549500000,0.594,539,539,1.0
osb_001,1588549560000,0.6414,548,548,1.0
osb_001,1588549620000,0.6247,490,490,1.0
osb_001,1588549680000,0.5403,542,542,1.0
osb_001,1588549740000,0.7144,534,534,1.0
osb_001,1588549800000,0.516,507,507,1.0
osb_001,1588549860000,0.5997,508,508,1.0
osb_001,1588549920000,0.625,494,494,1.0
osb_001,1588549980000,0.6314,540,540,1.0
osb_001,1588550040000,0.6084,539,539,1.0
osb_001,1588550100000,0.5951,542,542,1.0
osb_001,1588550160000,0.6029,536,536,1.0
osb_001,1588550220000,0.6204,525,525,1.0
osb_001,1588550280000,0.6382,512,512,1.0
osb_001,1588550340000,0.6451,635,635,1.0
osb_001,1588550400000,0.6927,516,516,1.0
osb_001,1588550460000,0.6305,545,545,1.0
osb_001,1588550520000,0.583,495,495,1.0
osb_001,1588550580000,0.6356,508,508,1.0
osb_001,1588550640000,0.6249,511,511,1.0
osb_001,1588550700000,0.5993,521,521,1.0
osb_001,1588550760000,0.5838,552,552,1.0
osb_001,1588550820000,0.5715,506,506,1.0
osb_001,1588550880000,0.5757,554,554,1.0
osb_001,1588550940000,0.6255,542,542,1.0
osb_001,1588551000000,0.5921,547,547,1.0
osb_001,1588551060000,0.6544,576,576,1.0
osb_001,1588551120000,0.6153,459,459,1.0
osb_001,1588551180000,0.6628,569,569,1.0
osb_001,1588551240000,0.6955,519,519,1.0
osb_001,1588551300000,0.58,502,502,1.0
osb_001,1588551360000,0.6129,541,541,1.0
osb_001,1588551420000,0.6049,476,476,1.0
osb_001,1588551480000,0.6021,545,545,1.0
osb_001,1588551540000,0.6325,536,536,1.0
osb_001,1588551600000,0.5766,516,516,1.0
osb_001,1588551660000,0.6318,511,511,1.0
osb_001,1588551720000,0.5884,399,399,1.0
osb_001,1588551780000,0.6118,533,533,1.0
osb_001,1588551840000,0.6212,571,571,1.0
osb_001,1588551900000,0.5464,472,472,1.0
osb_001,1588551960000,0.6184,491,491,1.0
osb_001,1588552020000,0.5997,448,448,1.0
osb_001,1588552080000,0.5491,519,519,1.0
osb_001,1588552140000,0.598,520,520,1.0
osb_001,1588552200000,0.624,531,531,1.0
osb_001,1588552260000,0.608,506,506,1.0
osb_001,1588552320000,0.6357,519,519,1.0
osb_001,1588552380000,0.6266,522,522,1.0
osb_001,1588552440000,0.624,490,490,1.0
osb_001,1588552500000,0.597,482,482,1.0
osb_001,1588552560000,0.5483,467,467,1.0
osb_001,1588552620000,0.5127,477,477,1.0
osb_001,1588552680000,0.5954,443,443,1.0
osb_001,1588552740000,0.5352,436,436,1.0
osb_001,1588552800000,0.5687,452,452,1.0
osb_001,1588552860000,0.6089,478,478,1.0
osb_001,1588552920000,0.6412,459,459,1.0
osb_001,1588552980000,0.5451,471,471,1.0
osb_001,1588553040000,0.5778,483,483,1.0
osb_001,1588553100000,0.6097,454,454,1.0
osb_001,1588553160000,0.6324,414,414,1.0
osb_001,1588553220000,0.4923,435,435,1.0
osb_001,1588553280000,0.5568,439,439,1.0
osb_001,1588553340000,0.5642,454,454,1.0
osb_001,1588553400000,0.6019,460,460,1.0
osb_001,1588553460000,0.583,435,435,1.0
osb_001,1588553520000,0.5709,460,460,1.0
osb_001,1588553580000,0.5782,376,376,1.0
osb_001,1588553640000,0.5958,418,418,1.0
osb_001,1588553700000,0.5332,409,409,1.0
osb_001,1588553760000,0.5554,395,395,1.0
osb_001,1588553820000,0.6299,399,399,1.0
osb_001,1588553880000,0.5873,425,425,1.0
osb_001,1588553940000,0.5924,444,444,1.0
osb_001,1588554000000,0.5697,393,393,1.0
osb_001,1588554060000,0.5978,432,432,1.0
osb_001,1588554120000,0.5797,364,364,1.0
osb_001,1588554180000,0.586,391,391,1.0
osb_001,1588554240000,0.6626,412,412,1.0
osb_001,1588554300000,0.575,392,392,1.0
osb_001,1588554360000,0.5308,386,386,1.0
osb_001,1588554420000,0.5293,372,372,1.0
osb_001,1588554480000,0.6499,407,407,1.0
osb_001,1588554540000,0.5471,386,386,1.0
osb_001,1588554600000,0.5565,404,404,1.0
osb_001,1588554660000,0.6288,455,455,1.0
osb_001,1588554720000,0.5923,413,413,1.0
osb_001,1588554780000,0.5579,408,408,1.0
osb_001,1588554840000,0.6217,414,414,1.0
osb_001,1588554900000,0.5956,427,427,1.0
osb_001,1588554960000,0.5767,413,413,1.0
osb_001,1588555020000,0.7578,416,416,1.0
osb_001,1588555080000,0.5358,375,375,1.0
osb_001,1588555140000,0.5353,391,391,1.0
osb_001,1588555200000,0.5384,375,375,1.0
osb_001,1588555260000,0.5248,398,398,1.0
osb_001,1588555320000,0.5878,304,304,1.0
osb_001,1588555380000,0.6165,404,404,1.0
osb_001,1588555440000,0.5447,405,405,1.0
osb_001,1588555500000,0.5473,394,394,1.0
osb_001,1588555560000,0.5201,411,411,1.0
osb_001,1588555620000,0.532,413,413,1.0
osb_001,1588555680000,0.5123,403,403,1.0
osb_001,1588555740000,0.5476,399,399,1.0
osb_001,1588555800000,0.565,401,401,1.0
osb_001,1588555860000,0.5277,388,388,1.0
osb_001,1588555920000,0.5744,330,330,1.0
osb_001,1588555980000,0.5476,404,404,1.0
osb_001,1588556040000,0.5837,378,378,1.0
osb_001,1588556100000,0.5055,394,394,1.0
osb_001,1588556160000,0.4957,393,393,1.0
osb_001,1588556220000,0.5323,379,379,1.0
osb_001,1588556280000,0.6691,416,416,1.0
osb_001,1588556340000,0.546,394,394,1.0
osb_001,1588556400000,0.599,380,380,1.0
osb_001,1588556460000,0.6217,406,406,1.0
osb_001,1588556520000,0.6115,414,414,1.0
osb_001,1588556580000,0.5246,433,433,1.0
osb_001,1588556640000,0.6306,403,403,1.0
osb_001,1588556700000,0.5246,398,398,1.0
osb_001,1588556760000,0.5902,413,413,1.0
osb_001,1588556820000,0.5042,398,398,1.0
osb_001,1588556880000,0.6296,419,419,1.0
osb_001,1588556940000,0.5198,394,394,1.0
osb_001,1588557000000,0.5667,413,413,1.0
osb_001,1588557060000,0.5554,441,441,1.0
osb_001,1588557120000,0.5738,378,378,1.0
osb_001,1588557180000,0.5594,393,393,1.0
osb_001,1588557240000,0.5457,399,399,1.0
osb_001,1588557300000,0.5879,434,434,1.0
osb_001,1588557360000,0.6022,421,421,1.0
osb_001,1588557420000,0.5255,431,431,1.0
osb_001,1588557480000,0.5689,416,416,1.0
osb_001,1588557540000,0.6123,407,407,1.0
osb_001,1588557600000,0.5813,442,442,1.0
osb_001,1588557660000,0.5877,447,447,1.0
osb_001,1588557720000,0.5235,398,398,1.0
osb_001,1588557780000,0.5447,477,477,1.0
osb_001,1588557840000,0.5717,469,469,1.0
osb_001,1588557900000,0.5351,411,411,1.0
osb_001,1588557960000,0.5660000000000001,433,433,1.0
osb_001,1588558020000,0.6078,464,464,1.0
osb_001,1588558080000,0.5527,472,472,1.0
osb_001,1588558140000,0.5815,463,463,1.0
osb_001,1588558200000,0.5992,476,476,1.0
osb_001,1588558260000,0.6805,464,464,1.0
osb_001,1588558320000,0.5704,418,418,1.0
osb_001,1588558380000,0.6089,459,459,1.0
osb_001,1588558440000,0.6621,492,492,1.0
osb_001,1588558500000,0.6554,505,505,1.0
osb_001,1588558560000,0.7146,463,463,1.0
osb_001,1588558620000,0.6536,516,516,1.0
osb_001,1588558680000,0.6109,517,517,1.0
osb_001,1588558740000,0.6002,491,491,1.0
osb_001,1588558800000,0.6256,477,477,1.0
osb_001,1588558860000,0.55,477,477,1.0
osb_001,1588558920000,0.6106,493,493,1.0
osb_001,1588558980000,0.5953,507,507,1.0
osb_001,1588559040000,0.5416,433,433,1.0
osb_001,1588559100000,0.6447,490,490,1.0
osb_001,1588559160000,0.5932,507,507,1.0
osb_001,1588559220000,0.6668,458,458,1.0
osb_001,1588559280000,0.6281,502,502,1.0
osb_001,1588559340000,0.614,463,463,1.0
osb_001,1588559400000,0.6284,522,522,1.0
osb_001,1588559460000,0.62,521,521,1.0
osb_001,1588559520000,0.6477,472,472,1.0
osb_001,1588559580000,0.5927,514,514,1.0
osb_001,1588559640000,0.6466,505,505,1.0
osb_001,1588559700000,0.6085,511,511,1.0
osb_001,1588559760000,0.5974,517,517,1.0
osb_001,1588559820000,0.5664,473,473,1.0
osb_001,1588559880000,0.5843,472,472,1.0
osb_001,1588559940000,0.6151,520,520,1.0
osb_001,1588560000000,0.6042,506,506,1.0
osb_001,1588560060000,0.6605,490,490,1.0
osb_001,1588560120000,0.6593,383,383,1.0
osb_001,1588560180000,0.5843,572,572,1.0
osb_001,1588560240000,0.6716,531,531,1.0
osb_001,1588560300000,0.6385,535,535,1.0
osb_001,1588560360000,0.6456,538,538,1.0
osb_001,1588560420000,0.6986,501,501,1.0
osb_001,1588560480000,0.6555,539,539,1.0
osb_001,1588560540000,0.6401,513,513,1.0
osb_001,1588560600000,0.6409999999999999,532,532,1.0
osb_001,1588560660000,0.5896,586,586,1.0
osb_001,1588560720000,0.5756,418,418,1.0
osb_001,1588560780000,0.6497,528,528,1.0
osb_001,1588560840000,0.5775,548,548,1.0
osb_001,1588560900000,0.6059,518,518,1.0
osb_001,1588560960000,0.6146,590,590,1.0
osb_001,1588561020000,0.6104,557,557,1.0
osb_001,1588561080000,0.5884,548,548,1.0
osb_001,1588561140000,0.6058,531,531,1.0
osb_001,1588561200000,0.6307,548,548,1.0
osb_001,1588561260000,0.6108,557,557,1.0
osb_001,1588561320000,0.6209,524,524,1.0
osb_001,1588561380000,0.6877,552,552,1.0
osb_001,1588561440000,0.6215,527,527,1.0
osb_001,1588561500000,0.5722,564,564,1.0
osb_001,1588561560000,0.5863,603,603,1.0
osb_001,1588561620000,0.6254,569,569,1.0
osb_001,1588561680000,0.5825,546,546,1.0
osb_001,1588561740000,0.631,552,552,1.0
osb_001,1588561800000,0.619,514,514,1.0
osb_001,1588561860000,0.615,483,483,1.0
osb_001,1588561920000,0.5333,444,444,1.0
osb_001,1588561980000,0.5911,544,544,1.0
osb_001,1588562040000,0.6357,645,645,1.0
osb_001,1588562100000,0.6699,623,623,1.0
osb_001,1588562160000,0.5908,579,579,1.0
osb_001,1588562220000,0.6311,607,607,1.0
osb_001,1588562280000,0.6492,577,577,1.0
osb_001,1588562340000,0.5991,616,616,1.0
osb_001,1588562400000,0.6245,592,592,1.0
osb_001,1588562460000,0.6774,591,591,1.0
osb_001,1588562520000,0.6509999999999999,625,625,1.0
osb_001,1588562580000,0.6578,597,597,1.0
osb_001,1588562640000,0.5855,571,571,1.0
osb_001,1588562700000,0.6322,619,619,1.0
osb_001,1588562760000,0.5946,591,591,1.0
osb_001,1588562820000,0.6519,619,619,1.0
osb_001,1588562880000,0.608,612,612,1.0
osb_001,1588562940000,0.639,605,605,1.0
osb_001,1588563000000,0.5815,605,605,1.0
osb_001,1588563060000,0.6034,565,565,1.0
osb_001,1588563120000,0.6008,605,605,1.0
osb_001,1588563180000,0.6159,580,580,1.0
osb_001,1588563240000,0.6465,509,509,1.0
osb_001,1588563300000,0.6479,615,615,1.0
osb_001,1588563360000,0.6424,598,598,1.0
osb_001,1588563420000,0.6532,619,619,1.0
osb_001,1588563480000,0.5901,589,589,1.0
osb_001,1588563540000,0.6114,575,575,1.0
osb_001,1588563600000,0.6067,595,595,1.0
osb_001,1588563660000,0.6873,585,585,1.0
osb_001,1588563720000,0.6155,545,545,1.0
osb_001,1588563780000,0.6017,577,577,1.0
osb_001,1588563840000,0.6182,595,595,1.0
osb_001,1588563900000,0.6449,633,633,1.0
osb_001,1588563960000,0.6396,572,572,1.0
osb_001,1588564020000,0.5945,605,605,1.0
osb_001,1588564080000,0.6517,617,617,1.0
osb_001,1588564140000,0.6248,539,539,1.0
osb_001,1588564200000,0.5985,637,637,1.0
osb_001,1588564260000,0.6126,594,594,1.0
osb_001,1588564320000,0.6176,561,561,1.0
osb_001,1588564380000,0.5826,561,561,1.0
osb_001,1588564440000,0.568,582,582,1.0
osb_001,1588564500000,0.6287,637,637,1.0
osb_001,1588564560000,0.6095,590,590,1.0
osb_001,1588564620000,0.5795,616,616,1.0
osb_001,1588564680000,0.5702,580,580,1.0
osb_001,1588564740000,0.6437,606,606,1.0
osb_001,1588564800000,0.8982,632,632,1.0
osb_001,1588564860000,0.5875,343,343,1.0
osb_001,1588564920000,0.5705,359,359,1.0
osb_001,1588564980000,0.5788,359,359,1.0
osb_001,1588565040000,0.5751,385,385,1.0
osb_001,1588565100000,0.5118,398,398,1.0
osb_001,1588565160000,0.5761,452,452,1.0
osb_001,1588565220000,0.6121,374,374,1.0
osb_001,1588565280000,0.6289,421,421,1.0
osb_001,1588565340000,0.5479,405,405,1.0
osb_001,1588565400000,0.5685,402,402,1.0
osb_001,1588565460000,0.5447,411,411,1.0
osb_001,1588565520000,0.5384,438,438,1.0
osb_001,1588565580000,0.5594,403,403,1.0
osb_001,1588565640000,0.5243,424,424,1.0
osb_001,1588565700000,0.5701,481,481,1.0
osb_001,1588565760000,0.593,382,382,1.0
osb_001,1588565820000,0.5416,418,418,1.0
osb_001,1588565880000,0.6354,466,466,1.0
osb_001,1588565940000,0.5863,499,499,1.0
osb_001,1588566000000,0.6013,408,408,1.0
osb_001,1588566060000,0.5522,492,492,1.0
osb_001,1588566120000,0.5557,461,461,1.0
osb_001,1588566180000,0.6563,464,464,1.0
osb_001,1588566240000,0.6544,460,460,1.0
osb_001,1588566300000,0.6053,483,483,1.0
osb_001,1588566360000,0.5864,449,449,1.0
osb_001,1588566420000,0.6281,468,468,1.0
osb_001,1588566480000,0.5698,458,458,1.0
osb_001,1588566540000,0.5744,467,467,1.0
osb_001,1588566600000,0.5786,499,499,1.0
osb_001,1588566660000,0.5725,476,476,1.0
osb_001,1588566720000,0.6074,467,467,1.0
osb_001,1588566780000,0.6416,493,493,1.0
osb_001,1588566840000,0.618,477,477,1.0
osb_001,1588566900000,0.617,495,495,1.0
osb_001,1588566960000,0.586,502,502,1.0
osb_001,1588567020000,0.6146,476,476,1.0
osb_001,1588567080000,0.5770000000000001,485,485,1.0
osb_001,1588567140000,0.5901,502,502,1.0
osb_001,1588567200000,0.5829,534,534,1.0
osb_001,1588567260000,0.6337,514,514,1.0
osb_001,1588567320000,0.6284,500,500,1.0
osb_001,1588567380000,0.6195,496,496,1.0
osb_001,1588567440000,0.5757,512,512,1.0
osb_001,1588567500000,0.6396,512,512,1.0
osb_001,1588567560000,0.5496,494,494,1.0
osb_001,1588567620000,0.5439,434,434,1.0
osb_001,1588567680000,0.6137,492,492,1.0
osb_001,1588567740000,0.5604,572,572,1.0
osb_001,1588567800000,0.5902,529,529,1.0
osb_001,1588567860000,0.5698,606,606,1.0
osb_001,1588567920000,0.6462,522,522,1.0
osb_001,1588567980000,0.6098,547,547,1.0
osb_001,1588568040000,0.6237,590,590,1.0
osb_001,1588568100000,0.6174,570,570,1.0
osb_001,1588568160000,0.5973,509,509,1.0
osb_001,1588568220000,0.5653,543,543,1.0
osb_001,1588568280000,0.6084,571,571,1.0
osb_001,1588568340000,0.6022,537,537,1.0
osb_001,1588568400000,0.6237,597,597,1.0
osb_001,1588568460000,0.6562,602,602,1.0
osb_001,1588568520000,0.6282,580,580,1.0
osb_001,1588568580000,0.5808,572,572,1.0
osb_001,1588568640000,0.6189,619,619,1.0
osb_001,1588568700000,0.6401,579,579,1.0
osb_001,1588568760000,0.5881,566,566,1.0
osb_001,1588568820000,0.6292,558,558,1.0
osb_001,1588568880000,0.6218,550,550,1.0
osb_001,1588568940000,0.6746,564,564,1.0
osb_001,1588569000000,0.5897,570,570,1.0
osb_001,1588569060000,0.6324,555,555,1.0
osb_001,1588569120000,0.5705,534,534,1.0
osb_001,1588569180000,0.6493,571,571,1.0
osb_001,1588569240000,0.5627,578,578,1.0
osb_001,1588569300000,0.6151,562,562,1.0
osb_001,1588569360000,0.6115,577,577,1.0
osb_001,1588569420000,0.6278,508,508,1.0
osb_001,1588569480000,0.6279,578,578,1.0
osb_001,1588569540000,0.6085,564,564,1.0
osb_001,1588569600000,0.5959,575,575,1.0
osb_001,1588569660000,0.5944,603,603,1.0
osb_001,1588569720000,0.5765,605,605,1.0
osb_001,1588569780000,0.6346,597,597,1.0
osb_001,1588569840000,0.6139,571,571,1.0
osb_001,1588569900000,0.5832,582,582,1.0
osb_001,1588569960000,0.5908,623,623,1.0
osb_001,1588570020000,0.6335,630,630,1.0
osb_001,1588570080000,0.6267,534,534,1.0
osb_001,1588570140000,0.5781,552,552,1.0
osb_001,1588570200000,0.5995,552,552,1.0
osb_001,1588570260000,0.6032,587,587,1.0
osb_001,1588570320000,0.6204,594,594,1.0
osb_001,1588570380000,0.5902,583,583,1.0
osb_001,1588570440000,0.6193,585,585,1.0
osb_001,1588570500000,0.6364,592,592,1.0
osb_001,1588570560000,0.6005,591,591,1.0
osb_001,1588570620000,0.5912,557,557,1.0
osb_001,1588570680000,0.6447,594,594,1.0
osb_001,1588570740000,0.5794,581,581,1.0
osb_001,1588570800000,0.6152,620,620,1.0
osb_001,1588570860000,0.6386,601,601,1.0
osb_001,1588570920000,0.5962,600,600,1.0
osb_001,1588570980000,0.5489,566,566,1.0
osb_001,1588571040000,0.5928,576,576,1.0
osb_001,1588571100000,0.6014,651,651,1.0
osb_001,1588571160000,0.6391,608,608,1.0
osb_001,1588571220000,0.5979,468,468,1.0
osb_001,1588571280000,0.6452,576,576,1.0
osb_001,1588571340000,0.5664,599,599,1.0
osb_001,1588571400000,0.591,570,570,1.0
osb_001,1588571460000,0.6031,498,498,1.0
osb_001,1588571520000,0.5972,399,399,1.0
osb_001,1588571580000,0.7396,588,588,1.0
osb_001,1588571640000,0.6708,607,607,1.0
osb_001,1588571700000,0.5652,567,567,1.0
osb_001,1588571760000,0.6468,575,575,1.0
osb_001,1588571820000,0.6123,594,594,1.0
osb_001,1588571880000,0.5731,581,581,1.0
osb_001,1588571940000,0.6175,583,583,1.0
osb_001,1588572000000,0.5346,555,555,1.0
osb_001,1588572060000,0.6605,584,584,1.0
osb_001,1588572120000,0.5912,568,568,1.0
osb_001,1588572180000,0.6317,560,560,1.0
osb_001,1588572240000,0.6345,533,533,1.0
osb_001,1588572300000,0.6171,561,561,1.0
osb_001,1588572360000,0.5992,599,599,1.0
osb_001,1588572420000,0.6449,610,610,1.0
osb_001,1588572480000,0.5748,593,593,1.0
osb_001,1588572540000,0.5801,589,589,1.0
osb_001,1588572600000,0.6036,562,562,1.0
osb_001,1588572660000,0.6183,541,541,1.0
osb_001,1588572720000,0.5831,598,598,1.0
osb_001,1588572780000,0.6064,578,578,1.0
osb_001,1588572840000,0.6475,569,569,1.0
osb_001,1588572900000,0.5766,578,578,1.0
osb_001,1588572960000,0.603,541,541,1.0
osb_001,1588573020000,0.6468,586,586,1.0
osb_001,1588573080000,0.5948,580,580,1.0
osb_001,1588573140000,0.597,541,541,1.0
osb_001,1588573200000,0.6468,529,529,1.0
osb_001,1588573260000,0.5914,560,560,1.0
osb_001,1588573320000,0.5713,525,525,1.0
osb_001,1588573380000,0.5870000000000001,513,513,1.0
osb_001,1588573440000,0.5963,559,559,1.0
osb_001,1588573500000,0.6561,502,502,1.0
osb_001,1588573560000,0.5859,517,517,1.0
osb_001,1588573620000,0.6135,540,540,1.0
osb_001,1588573680000,0.6,542,542,1.0
osb_001,1588573740000,0.5658,518,518,1.0
osb_001,1588573800000,0.5765,524,524,1.0
osb_001,1588573860000,0.6123,509,509,1.0
osb_001,1588573920000,0.622,503,503,1.0
osb_001,1588573980000,0.5961,539,539,1.0
osb_001,1588574040000,0.604,508,508,1.0
osb_001,1588574100000,0.6752,483,483,1.0
osb_001,1588574160000,0.535,467,467,1.0
osb_001,1588574220000,0.5821,479,479,1.0
osb_001,1588574280000,0.6115,506,506,1.0
osb_001,1588574340000,0.588,457,457,1.0
osb_001,1588574400000,0.5771,513,513,1.0
osb_001,1588574460000,0.5929,515,515,1.0
osb_001,1588574520000,0.6109,459,459,1.0
osb_001,1588574580000,0.5579999999999999,438,438,1.0
osb_001,1588574640000,0.679,462,462,1.0
osb_001,1588574700000,0.6126,483,483,1.0
osb_001,1588574760000,0.5895,464,464,1.0
osb_001,1588574820000,0.5172,458,458,1.0
osb_001,1588574880000,0.6316,475,475,1.0
osb_001,1588574940000,0.5812,459,459,1.0
osb_001,1588575000000,0.546,450,450,1.0
osb_001,1588575060000,0.5401,467,467,1.0
osb_001,1588575120000,0.5319,450,450,1.0
osb_001,1588575180000,0.6452,451,451,1.0
osb_001,1588575240000,0.5663,467,467,1.0
osb_001,1588575300000,0.6478,422,422,1.0
osb_001,1588575360000,0.5413,432,432,1.0
osb_001,1588575420000,0.5873,436,436,1.0
osb_001,1588575480000,0.6001,447,447,1.0
osb_001,1588575540000,0.5971,484,484,1.0
osb_001,1588575600000,0.5569,461,461,1.0
osb_001,1588575660000,0.6399,451,451,1.0
osb_001,1588575720000,0.6059,490,490,1.0
osb_001,1588575780000,0.6118,425,425,1.0
osb_001,1588575840000,0.5567,430,430,1.0
osb_001,1588575900000,0.5992,437,437,1.0
osb_001,1588575960000,0.5635,454,454,1.0
osb_001,1588576020000,0.5596,401,401,1.0
osb_001,1588576080000,0.6024,447,447,1.0
osb_001,1588576140000,0.6082,445,445,1.0
osb_001,1588576200000,0.631,447,447,1.0
osb_001,1588576260000,0.541,387,387,1.0
osb_001,1588576320000,0.5834,461,461,1.0
osb_001,1588576380000,0.5827,445,445,1.0
osb_001,1588576440000,0.6026,432,432,1.0
osb_001,1588576500000,0.5933,447,447,1.0
osb_001,1588576560000,0.6095,453,453,1.0
osb_001,1588576620000,0.5869,424,424,1.0
osb_001,1588576680000,0.5678,414,414,1.0
osb_001,1588576740000,0.5763,410,410,1.0
osb_001,1588576800000,0.6423,402,402,1.0
osb_001,1588576860000,0.5875,442,442,1.0
osb_001,1588576920000,0.6198,418,418,1.0
osb_001,1588576980000,0.562,400,400,1.0
osb_001,1588577040000,0.6308,440,440,1.0
osb_001,1588577100000,0.5851,445,445,1.0
osb_001,1588577160000,0.599,436,436,1.0
osb_001,1588577220000,0.6063,391,391,1.0
osb_001,1588577280000,0.5709,421,421,1.0
osb_001,1588577340000,0.5792,425,425,1.0
osb_001,1588577400000,0.5588,416,416,1.0
osb_001,1588577460000,0.5466,391,391,1.0
osb_001,1588577520000,0.5399,345,345,1.0
osb_001,1588577580000,0.5777,410,410,1.0
osb_001,1588577640000,0.5222,429,429,1.0
osb_001,1588577700000,0.5277,370,370,1.0
osb_001,1588577760000,0.6409,418,418,1.0
osb_001,1588577820000,0.5539999999999999,393,393,1.0
osb_001,1588577880000,0.5619,418,418,1.0
osb_001,1588577940000,0.5371,395,395,1.0
osb_001,1588578000000,0.5884,405,405,1.0
osb_001,1588578060000,0.5472,368,368,1.0
osb_001,1588578120000,0.5663,394,394,1.0
osb_001,1588578180000,0.5561,408,408,1.0
osb_001,1588578240000,0.6282,392,392,1.0
osb_001,1588578300000,0.5828,417,417,1.0
osb_001,1588578360000,0.5655,451,451,1.0
osb_001,1588578420000,0.6019,409,409,1.0
osb_001,1588578480000,0.5675,413,413,1.0
osb_001,1588578540000,0.5732,454,454,1.0
osb_001,1588578600000,0.5841,426,426,1.0
osb_001,1588578660000,0.5948,422,422,1.0
osb_001,1588578720000,0.6289,453,453,1.0
osb_001,1588578780000,0.6325,452,452,1.0
osb_001,1588578840000,0.5478,405,405,1.0
osb_001,1588578900000,0.5279,447,447,1.0
osb_001,1588578960000,0.627,465,465,1.0
osb_001,1588579020000,0.5293,384,384,1.0
osb_001,1588579080000,0.6215,412,412,1.0
osb_001,1588579140000,0.616,426,426,1.0
osb_001,1588579200000,0.5221,434,434,1.0
osb_001,1588579260000,0.563,453,453,1.0
osb_001,1588579320000,0.5702,440,440,1.0
osb_001,1588579380000,0.6108,435,435,1.0
osb_001,1588579440000,0.5897,473,473,1.0
osb_001,1588579500000,0.6422,439,439,1.0
osb_001,1588579560000,0.6459,440,440,1.0
osb_001,1588579620000,0.6054,411,411,1.0
osb_001,1588579680000,0.618,464,464,1.0
osb_001,1588579740000,0.5531,440,440,1.0
osb_001,1588579800000,0.5911,451,451,1.0
osb_001,1588579860000,0.6009,470,470,1.0
osb_001,1588579920000,0.5881,430,430,1.0
osb_001,1588579980000,0.6176,471,471,1.0
osb_001,1588580040000,0.6353,464,464,1.0
osb_001,1588580100000,0.6174,499,499,1.0
osb_001,1588580160000,0.615,487,487,1.0
osb_001,1588580220000,0.5406,452,452,1.0
osb_001,1588580280000,0.62,466,466,1.0
osb_001,1588580340000,0.5437,491,491,1.0
osb_001,1588580400000,0.6244,473,473,1.0
osb_001,1588580460000,0.6464,468,468,1.0
osb_001,1588580520000,0.6157,468,468,1.0
osb_001,1588580580000,0.6725,519,519,1.0
osb_001,1588580640000,0.6275,499,499,1.0
osb_001,1588580700000,0.5689,484,484,1.0
osb_001,1588580760000,0.561,462,462,1.0
osb_001,1588580820000,0.6041,446,446,1.0
osb_001,1588580880000,0.5452,496,496,1.0
osb_001,1588580940000,0.6253,465,465,1.0
osb_001,1588581000000,0.6198,493,493,1.0
osb_001,1588581060000,0.6459999999999999,456,456,1.0
osb_001,1588581120000,0.6118,544,544,1.0
osb_001,1588581180000,0.5838,446,446,1.0
osb_001,1588581240000,0.5482,474,474,1.0
osb_001,1588581300000,0.5836,549,549,1.0
osb_001,1588581360000,0.5863,516,516,1.0
osb_001,1588581420000,0.5797,521,521,1.0
osb_001,1588581480000,0.5863,500,500,1.0
osb_001,1588581540000,0.5832,519,519,1.0
osb_001,1588581600000,0.6058,512,512,1.0
osb_001,1588581660000,0.6503,522,522,1.0
osb_001,1588581720000,0.6018,494,494,1.0
osb_001,1588581780000,0.6313,524,524,1.0
osb_001,1588581840000,0.6285,540,540,1.0
osb_001,1588581900000,0.6207,517,517,1.0
osb_001,1588581960000,0.6829,500,500,1.0
osb_001,1588582020000,0.6697,543,543,1.0
osb_001,1588582080000,0.5802,577,577,1.0
osb_001,1588582140000,0.594,543,543,1.0
osb_001,1588582200000,0.5792,548,548,1.0
osb_001,1588582260000,0.6304,554,554,1.0
osb_001,1588582320000,0.5984,507,507,1.0
osb_001,1588582380000,0.6664,552,552,1.0
osb_001,1588582440000,0.6376,541,541,1.0
osb_001,1588582500000,0.6129,551,551,1.0
osb_001,1588582560000,0.6245,555,555,1.0
osb_001,1588582620000,0.6734,547,547,1.0
osb_001,1588582680000,0.6118,571,571,1.0
osb_001,1588582740000,0.6082,518,518,1.0
osb_001,1588582800000,0.5718,543,543,1.0
osb_001,1588582860000,0.5905,524,524,1.0
osb_001,1588582920000,0.5775,548,548,1.0
osb_001,1588582980000,0.6407,501,501,1.0
osb_001,1588583040000,0.6369,539,539,1.0
osb_001,1588583100000,0.6856,592,592,1.0
osb_001,1588583160000,0.6624,554,554,1.0
osb_001,1588583220000,0.7448,573,573,1.0
osb_001,1588583280000,0.6651,555,555,1.0
osb_001,1588583340000,0.6265,556,556,1.0
osb_001,1588583400000,0.5797,555,555,1.0
osb_001,1588583460000,0.6704,596,596,1.0
osb_001,1588583520000,0.5774,571,571,1.0
osb_001,1588583580000,0.6976,559,559,1.0
osb_001,1588583640000,0.5870000000000001,551,551,1.0
osb_001,1588583700000,0.6296,548,548,1.0
osb_001,1588583760000,0.6143,573,573,1.0
osb_001,1588583820000,0.6231,575,575,1.0
osb_001,1588583880000,0.6073,583,583,1.0
osb_001,1588583940000,0.5973,554,554,1.0
osb_001,1588584000000,0.5758,594,594,1.0
osb_001,1588584060000,0.6,599,599,1.0
osb_001,1588584120000,0.5888,601,601,1.0
osb_001,1588584180000,0.7021,600,600,1.0
osb_001,1588584240000,0.6318,605,605,1.0
osb_001,1588584300000,0.6344,568,568,1.0
osb_001,1588584360000,0.6729,568,568,1.0
osb_001,1588584420000,0.6349,527,527,1.0
osb_001,1588584480000,0.6772,594,594,1.0
osb_001,1588584540000,0.5997,598,598,1.0
osb_001,1588584600000,0.6218,586,586,1.0
osb_001,1588584660000,0.6615,568,568,1.0
osb_001,1588584720000,0.6868,528,528,1.0
osb_001,1588584780000,0.6752,600,600,1.0
osb_001,1588584840000,0.6438,535,535,1.0
osb_001,1588584900000,0.5767,614,614,1.0
osb_001,1588584960000,0.6328,607,607,1.0
osb_001,1588585020000,0.6211,530,530,1.0
osb_001,1588585080000,0.6588,553,553,1.0
osb_001,1588585140000,0.6763,614,614,1.0
osb_001,1588585200000,0.6129,578,578,1.0
osb_001,1588585260000,0.5499,571,571,1.0
osb_001,1588585320000,0.6933,582,582,1.0
osb_001,1588585380000,0.6231,549,549,1.0
osb_001,1588585440000,0.6345,610,610,1.0
osb_001,1588585500000,0.6921,574,574,1.0
osb_001,1588585560000,0.6893,564,564,1.0
osb_001,1588585620000,0.6248,472,472,1.0
osb_001,1588585680000,0.6497,652,652,1.0
osb_001,1588585740000,0.6903,585,585,1.0
osb_001,1588585800000,0.6057,594,594,1.0
osb_001,1588585860000,0.5902,608,608,1.0
osb_001,1588585920000,0.6158,517,517,1.0
osb_001,1588585980000,0.664,539,539,1.0
osb_001,1588586040000,0.6012,589,589,1.0
osb_001,1588586100000,0.6625,613,613,1.0
osb_001,1588586160000,0.5909,548,548,1.0
osb_001,1588586220000,0.5255,480,480,1.0
osb_001,1588586280000,0.6376,585,585,1.0
osb_001,1588586340000,0.6026,591,591,1.0
osb_001,1588586400000,0.9009,605,605,1.0
osb_001,1588586460000,0.5576,385,385,1.0
osb_001,1588586520000,0.5407,361,361,1.0
osb_001,1588586580000,0.5835,377,377,1.0
osb_001,1588586640000,0.5576,392,392,1.0
osb_001,1588586700000,0.6398,385,385,1.0
osb_001,1588586760000,0.5558,370,370,1.0
osb_001,1588586820000,0.6014,404,404,1.0
osb_001,1588586880000,0.5972,364,364,1.0
osb_001,1588586940000,0.601,395,395,1.0
osb_001,1588587000000,0.5644,428,428,1.0
osb_001,1588587060000,0.5945,387,387,1.0
osb_001,1588587120000,0.5383,394,394,1.0
osb_001,1588587180000,0.5721,420,420,1.0
osb_001,1588587240000,0.5817,414,414,1.0
osb_001,1588587300000,0.6603,402,402,1.0
osb_001,1588587360000,0.6587,449,449,1.0
osb_001,1588587420000,0.6243,441,441,1.0
osb_001,1588587480000,0.64,470,470,1.0
osb_001,1588587540000,0.5824,462,462,1.0
osb_001,1588587600000,0.6005,452,452,1.0
osb_001,1588587660000,0.5879,498,498,1.0
osb_001,1588587720000,0.5963,349,349,1.0
osb_001,1588587780000,0.5766,467,467,1.0
osb_001,1588587840000,0.6187,465,465,1.0
osb_001,1588587900000,0.6709999999999999,510,510,1.0
osb_001,1588587960000,0.6795,451,451,1.0
osb_001,1588588020000,0.55,426,426,1.0
osb_001,1588588080000,0.6141,528,528,1.0
osb_001,1588588140000,0.7217,506,506,1.0
osb_001,1588588200000,0.6311,474,474,1.0
osb_001,1588588260000,0.6229,481,481,1.0
osb_001,1588588320000,0.5819,496,496,1.0
osb_001,1588588380000,0.6182,506,506,1.0
osb_001,1588588440000,0.6348,496,496,1.0
osb_001,1588588500000,0.6153,474,474,1.0
osb_001,1588588560000,0.5719,523,523,1.0
osb_001,1588588620000,0.5811,468,468,1.0
osb_001,1588588680000,0.6231,515,515,1.0
osb_001,1588588740000,0.6087,520,520,1.0
osb_001,1588588800000,0.5811,522,522,1.0
osb_001,1588588860000,0.6183,518,518,1.0
osb_001,1588588920000,0.6648,531,531,1.0
osb_001,1588588980000,0.6195,472,472,1.0
osb_001,1588589040000,0.6008,485,485,1.0
osb_001,1588589100000,0.5773,463,463,1.0
osb_001,1588589160000,0.5818,492,492,1.0
osb_001,1588589220000,0.6693,512,512,1.0
osb_001,1588589280000,0.6633,556,556,1.0
osb_001,1588589340000,0.7079,503,503,1.0
osb_001,1588589400000,0.6624,536,536,1.0
osb_001,1588589460000,0.5841,548,548,1.0
osb_001,1588589520000,0.5714,532,532,1.0
osb_001,1588589580000,0.6268,580,580,1.0
osb_001,1588589640000,0.6243,533,533,1.0
osb_001,1588589700000,0.6147,540,540,1.0
osb_001,1588589760000,0.6323,545,545,1.0
osb_001,1588589820000,0.634,534,534,1.0
osb_001,1588589880000,0.6305,536,536,1.0
osb_001,1588589940000,0.5969,569,569,1.0
osb_001,1588590000000,0.6004,510,510,1.0
osb_001,1588590060000,0.6082,535,535,1.0
osb_001,1588590120000,0.5891,548,548,1.0
osb_001,1588590180000,0.6428,546,546,1.0
osb_001,1588590240000,0.5631,569,569,1.0
osb_001,1588590300000,0.6063,559,559,1.0
osb_001,1588590360000,0.6135,540,540,1.0
osb_001,1588590420000,0.5605,508,508,1.0
osb_001,1588590480000,0.5894,498,498,1.0
osb_001,1588590540000,0.6082,522,522,1.0
osb_001,1588590600000,0.5746,625,625,1.0
osb_001,1588590660000,0.6675,571,571,1.0
osb_001,1588590720000,0.6039,579,579,1.0
osb_001,1588590780000,0.6313,573,573,1.0
osb_001,1588590840000,0.6303,583,583,1.0
osb_001,1588590900000,0.588,576,576,1.0
osb_001,1588590960000,0.5902,551,551,1.0
osb_001,1588591020000,0.5655,447,447,1.0
osb_001,1588591080000,0.6244,600,600,1.0
osb_001,1588591140000,0.6051,631,631,1.0
osb_001,1588591200000,0.598,565,565,1.0
osb_001,1588591260000,0.6584,556,556,1.0
osb_001,1588591320000,0.5864,502,502,1.0
osb_001,1588591380000,0.6337,606,606,1.0
osb_001,1588591440000,0.6586,572,572,1.0
osb_001,1588591500000,0.6075,565,565,1.0
osb_001,1588591560000,0.6723,585,585,1.0
osb_001,1588591620000,0.6164,508,508,1.0
osb_001,1588591680000,0.6126,604,604,1.0
osb_001,1588591740000,0.5944,577,577,1.0
osb_001,1588591800000,0.5701,616,616,1.0
osb_001,1588591860000,0.6371,574,574,1.0
osb_001,1588591920000,0.6923,574,574,1.0
osb_001,1588591980000,0.5862,567,567,1.0
osb_001,1588592040000,0.6033,593,593,1.0
osb_001,1588592100000,0.6234,626,626,1.0
osb_001,1588592160000,0.5794,589,589,1.0
osb_001,1588592220000,0.6327,601,601,1.0
osb_001,1588592280000,0.6345,573,573,1.0
osb_001,1588592340000,0.5884,583,583,1.0
osb_001,1588592400000,0.6009,583,583,1.0
osb_001,1588592460000,0.5957,557,557,1.0
osb_001,1588592520000,0.6461,595,595,1.0
osb_001,1588592580000,0.5572,515,515,1.0
osb_001,1588592640000,0.5664,564,564,1.0
osb_001,1588592700000,0.6024,558,558,1.0
osb_001,1588592760000,0.5852,567,567,1.0
osb_001,1588592820000,0.6031,595,595,1.0
osb_001,1588592880000,0.6803,641,641,1.0
osb_001,1588592940000,0.6365,590,590,1.0
osb_001,1588593000000,0.6212,567,567,1.0
osb_001,1588593060000,0.6544,569,569,1.0
osb_001,1588593120000,0.6418,576,576,1.0
osb_001,1588593180000,0.6527,535,535,1.0
osb_001,1588593240000,0.5942,514,514,1.0
osb_001,1588593300000,0.6609999999999999,604,604,1.0
osb_001,1588593360000,0.5906,562,562,1.0
osb_001,1588593420000,0.6287,582,582,1.0
osb_001,1588593480000,0.6505,573,573,1.0
osb_001,1588593540000,0.5941,551,551,1.0
osb_001,1588593600000,0.5664,533,533,1.0
osb_001,1588593660000,0.627,558,558,1.0
osb_001,1588593720000,0.5982,543,543,1.0
osb_001,1588593780000,0.6765,605,605,1.0
osb_001,1588593840000,0.5753,565,565,1.0
osb_001,1588593900000,0.634,519,519,1.0
osb_001,1588593960000,0.5781,566,566,1.0
osb_001,1588594020000,0.6506,554,554,1.0
osb_001,1588594080000,0.5731,512,512,1.0
osb_001,1588594140000,0.6533,555,555,1.0
osb_001,1588594200000,0.604,600,600,1.0
osb_001,1588594260000,0.6912,570,570,1.0
osb_001,1588594320000,0.5752,552,552,1.0
osb_001,1588594380000,0.6451,542,542,1.0
osb_001,1588594440000,0.6054,527,527,1.0
osb_001,1588594500000,0.6307,578,578,1.0
osb_001,1588594560000,0.6497,529,529,1.0
osb_001,1588594620000,0.5913,441,441,1.0
osb_001,1588594680000,0.5761,511,511,1.0
osb_001,1588594740000,0.5998,512,512,1.0
osb_001,1588594800000,0.6212,528,528,1.0
osb_001,1588594860000,0.6295,555,555,1.0
osb_001,1588594920000,0.6312,424,424,1.0
osb_001,1588594980000,0.6111,559,559,1.0
osb_001,1588595040000,0.6363,563,563,1.0
osb_001,1588595100000,0.61,530,530,1.0
osb_001,1588595160000,0.6772,520,520,1.0
osb_001,1588595220000,0.5601,364,364,1.0
osb_001,1588595280000,0.6591,551,551,1.0
osb_001,1588595340000,0.5967,555,555,1.0
osb_001,1588595400000,0.5786,523,523,1.0
osb_001,1588595460000,0.5624,510,510,1.0
osb_001,1588595520000,0.5967,430,430,1.0
osb_001,1588595580000,0.5888,495,495,1.0
osb_001,1588595640000,0.5329,521,521,1.0
osb_001,1588595700000,0.6016,506,506,1.0
osb_001,1588595760000,0.605,489,489,1.0
osb_001,1588595820000,0.6368,517,517,1.0
osb_001,1588595880000,0.6291,471,471,1.0
osb_001,1588595940000,0.624,472,472,1.0
osb_001,1588596000000,0.6538,519,519,1.0
osb_001,1588596060000,0.6224,466,466,1.0
osb_001,1588596120000,0.6336,493,493,1.0
osb_001,1588596180000,0.5908,491,491,1.0
osb_001,1588596240000,0.6296,500,500,1.0
osb_001,1588596300000,0.5826,502,502,1.0
osb_001,1588596360000,0.6233,512,512,1.0
osb_001,1588596420000,0.5953,486,486,1.0
osb_001,1588596480000,0.6186,484,484,1.0
osb_001,1588596540000,0.555,447,447,1.0
osb_001,1588596600000,0.6157,466,466,1.0
osb_001,1588596660000,0.5259,469,469,1.0
osb_001,1588596720000,0.6815,458,458,1.0
osb_001,1588596780000,0.5993,457,457,1.0
osb_001,1588596840000,0.5703,437,437,1.0
osb_001,1588596900000,0.6026,442,442,1.0
osb_001,1588596960000,0.6231,468,468,1.0
osb_001,1588597020000,0.5892,456,456,1.0
osb_001,1588597080000,0.5623,446,446,1.0
osb_001,1588597140000,0.6051,489,489,1.0
osb_001,1588597200000,0.6914,546,546,1.0
osb_001,1588597260000,0.6453,454,454,1.0
osb_001,1588597320000,0.5886,419,419,1.0
osb_001,1588597380000,0.5658,463,463,1.0
osb_001,1588597440000,0.5538,444,444,1.0
osb_001,1588597500000,0.6022,469,469,1.0
osb_001,1588597620000,0.6206,431,431,1.0
osb_001,1588597680000,0.5314,400,400,1.0
osb_001,1588597740000,0.5664,426,426,1.0
osb_001,1588597800000,0.5255,387,387,1.0
osb_001,1588597860000,0.557,410,410,1.0
osb_001,1588597920000,0.6139,443,443,1.0
osb_001,1588597980000,0.5817,457,457,1.0
osb_001,1588598040000,0.614,461,461,1.0
osb_001,1588598100000,0.6113,495,495,1.0
osb_001,1588598160000,0.5991,456,456,1.0
osb_001,1588598220000,0.6282,469,469,1.0
osb_001,1588598280000,0.5945,444,444,1.0
osb_001,1588598340000,0.5687,436,436,1.0
osb_001,1588598400000,0.5855,440,440,1.0
osb_001,1588598460000,0.5601,445,445,1.0
osb_001,1588598520000,0.5541,451,451,1.0
osb_001,1588598580000,0.5848,413,413,1.0
osb_001,1588598640000,0.5887,436,436,1.0
osb_001,1588598700000,0.581,428,428,1.0
osb_001,1588598760000,0.5745,435,435,1.0
osb_001,1588598820000,0.5629,434,434,1.0
osb_001,1588598880000,0.5339,431,431,1.0
osb_001,1588598940000,0.6147,440,440,1.0
osb_001,1588599000000,0.6215,407,407,1.0
osb_001,1588599060000,0.5801,431,431,1.0
osb_001,1588599120000,0.5602,392,392,1.0
osb_001,1588599180000,0.5678,421,421,1.0
osb_001,1588599240000,0.5832,426,426,1.0
osb_001,1588599300000,0.5969,430,430,1.0
osb_001,1588599360000,0.5985,416,416,1.0
osb_001,1588599420000,0.5892,426,426,1.0
osb_001,1588599480000,0.5754,414,414,1.0
osb_001,1588599540000,0.6078,437,437,1.0
osb_001,1588599600000,0.6737,442,442,1.0
osb_001,1588599660000,0.6145,438,438,1.0
osb_001,1588599720000,0.6292,438,438,1.0
osb_001,1588599780000,0.606,412,412,1.0
osb_001,1588599840000,0.5615,447,447,1.0
osb_001,1588599900000,0.6491,444,444,1.0
osb_001,1588599960000,0.6378,436,436,1.0
osb_001,1588600020000,0.6095,467,467,1.0
osb_001,1588600080000,0.5645,427,427,1.0
osb_001,1588600140000,0.5654,471,471,1.0
osb_001,1588600200000,0.5933,442,442,1.0
osb_001,1588600260000,0.5526,413,413,1.0
osb_001,1588600320000,0.5913,436,436,1.0
osb_001,1588600380000,0.6208,483,483,1.0
osb_001,1588600440000,0.6552,488,488,1.0
osb_001,1588600500000,0.5744,441,441,1.0
osb_001,1588600560000,0.5985,467,467,1.0
osb_001,1588600620000,0.5576,438,438,1.0
osb_001,1588600680000,0.6959,527,527,1.0
osb_001,1588600740000,0.5881,424,424,1.0
osb_001,1588600800000,0.5518,465,465,1.0
osb_001,1588600860000,0.5678,429,429,1.0
osb_001,1588600920000,0.6067,484,484,1.0
osb_001,1588600980000,0.5972,472,472,1.0
osb_001,1588601040000,0.5845,466,466,1.0
osb_001,1588601100000,0.6029,507,507,1.0
osb_001,1588601160000,0.6328,488,488,1.0
osb_001,1588601220000,0.6272,489,489,1.0
osb_001,1588601280000,0.5903,476,476,1.0
osb_001,1588601340000,0.6034,472,472,1.0
osb_001,1588601400000,0.5917,460,460,1.0
osb_001,1588601460000,0.6069,456,456,1.0
osb_001,1588601520000,0.6298,469,469,1.0
osb_001,1588601580000,0.599,453,453,1.0
osb_001,1588601640000,0.5508,477,477,1.0
osb_001,1588601700000,0.5632,470,470,1.0
osb_001,1588601760000,0.5923,527,527,1.0
osb_001,1588601820000,0.6627,534,534,1.0
osb_001,1588601880000,0.5633,519,519,1.0
osb_001,1588601940000,0.6106,501,501,1.0
osb_001,1588602000000,0.6459999999999999,511,511,1.0
osb_001,1588602060000,0.5399,505,505,1.0
osb_001,1588602120000,0.5543,542,542,1.0
osb_001,1588602180000,0.5637,551,551,1.0
osb_001,1588602240000,0.5881,467,467,1.0
osb_001,1588602300000,0.5838,442,442,1.0
osb_001,1588602360000,0.6115,489,489,1.0
osb_001,1588602420000,0.628,525,525,1.0
osb_001,1588602480000,0.599,479,479,1.0
osb_001,1588602540000,0.5635,521,521,1.0
osb_001,1588602600000,0.6754,546,546,1.0
osb_001,1588602660000,0.6052,522,522,1.0
osb_001,1588602720000,0.5786,357,357,1.0
osb_001,1588602780000,0.5949,503,503,1.0
osb_001,1588602840000,0.6606,543,543,1.0
osb_001,1588602900000,0.6036,516,516,1.0
osb_001,1588602960000,0.5291,539,539,1.0
osb_001,1588603020000,0.6396,569,569,1.0
osb_001,1588603080000,0.64,585,585,1.0
osb_001,1588603140000,0.615,561,561,1.0
osb_001,1588603200000,0.6862,527,527,1.0
osb_001,1588603260000,0.5804,602,602,1.0
osb_001,1588603320000,0.5991,511,511,1.0
osb_001,1588603380000,0.5782,540,540,1.0
osb_001,1588603440000,0.6038,502,502,1.0
osb_001,1588603500000,0.6221,622,622,1.0
osb_001,1588603560000,0.6299,572,572,1.0
osb_001,1588603620000,0.6055,597,597,1.0
osb_001,1588603680000,0.6473,565,565,1.0
osb_001,1588603740000,0.6502,547,547,1.0
osb_001,1588603800000,0.7055,607,607,1.0
osb_001,1588603860000,0.6375,558,558,1.0
osb_001,1588603920000,0.6929,626,626,1.0
osb_001,1588603980000,0.5926,608,608,1.0
osb_001,1588604040000,0.5757,530,530,1.0
osb_001,1588604100000,0.6073,550,550,1.0
osb_001,1588604160000,0.5757,590,590,1.0
osb_001,1588604220000,0.5694,529,529,1.0
osb_001,1588604280000,0.6168,601,601,1.0
osb_001,1588604340000,0.6411,553,553,1.0
osb_001,1588604400000,0.5720000000000001,516,516,1.0
osb_001,1588604460000,0.6042,623,623,1.0
osb_001,1588604520000,0.6648,535,535,1.0
osb_001,1588604580000,0.584,620,620,1.0
osb_001,1588604640000,0.7095,667,667,1.0
osb_001,1588604700000,0.649,615,615,1.0
osb_001,1588604760000,0.6922,637,637,1.0
osb_001,1588604820000,0.6032,655,655,1.0
osb_001,1588604880000,0.6532,613,613,1.0
osb_001,1588604940000,0.6265,681,681,1.0
osb_001,1588605000000,0.6418,604,604,1.0
osb_001,1588605060000,0.6949,611,611,1.0
osb_001,1588605120000,0.6259,466,466,1.0
osb_001,1588605180000,0.6294,622,622,1.0
osb_001,1588605240000,0.5965,596,596,1.0
osb_001,1588605300000,0.67,601,601,1.0
osb_001,1588605360000,0.6814,601,601,1.0
osb_001,1588605420000,0.6138,643,643,1.0
osb_001,1588605480000,0.6239,639,639,1.0
osb_001,1588605540000,0.6378,676,676,1.0
osb_001,1588605600000,0.6129,588,588,1.0
osb_001,1588605660000,0.6584,657,657,1.0
osb_001,1588605720000,0.6445,567,567,1.0
osb_001,1588605780000,0.6835,634,634,1.0
osb_001,1588605840000,0.5715,575,575,1.0
osb_001,1588605900000,0.6025,628,628,1.0
osb_001,1588605960000,0.6551,634,634,1.0
osb_001,1588606020000,0.6528,582,582,1.0
osb_001,1588606080000,0.6245,704,704,1.0
osb_001,1588606140000,0.5955,608,608,1.0
osb_001,1588606200000,0.5582,605,605,1.0
osb_001,1588606260000,0.6052,629,629,1.0
osb_001,1588606320000,0.6242,629,629,1.0
osb_001,1588606380000,0.6581,637,637,1.0
osb_001,1588606440000,0.677,618,618,1.0
osb_001,1588606500000,0.6807,645,645,1.0
osb_001,1588606560000,0.6373,620,620,1.0
osb_001,1588606620000,0.5779,673,673,1.0
osb_001,1588606680000,0.6309,608,608,1.0
osb_001,1588606740000,0.6633,658,658,1.0
osb_001,1588606800000,0.6379,608,608,1.0
osb_001,1588606860000,0.6437,625,625,1.0
osb_001,1588606920000,0.6072,565,565,1.0
osb_001,1588606980000,0.6791,621,621,1.0
osb_001,1588607040000,0.6507,627,627,1.0
osb_001,1588607100000,0.6608,645,645,1.0
osb_001,1588607160000,0.6639,622,622,1.0
osb_001,1588607220000,0.6709,628,628,1.0
osb_001,1588607280000,0.6632,622,622,1.0
osb_001,1588607340000,0.6569,596,596,1.0
osb_001,1588607400000,0.6607,625,625,1.0
osb_001,1588607460000,0.6127,601,601,1.0
osb_001,1588607520000,0.6411,621,621,1.0
osb_001,1588607580000,0.6771,610,610,1.0
osb_001,1588607640000,0.7065,642,642,1.0
osb_001,1588607700000,0.624,600,600,1.0
osb_001,1588607760000,0.5897,643,643,1.0
osb_001,1588607820000,0.6495,619,619,1.0
osb_001,1588607880000,0.6262,614,614,1.0
osb_001,1588607940000,0.653,592,592,1.0
